Timestamp,Accuracy,AvgTime,Questions,Operation,Mode
2026-09-16 19:19:17,72.00,9.69,50,both,mixed
2026-09-16 19:19:20,72.00,9.69,50,both,mixed
2026-09-16 19:19:21,72.00,9.69,50,both,mixed
2026-09-16 19:19:22,72.00,9.69,50,both,mixed
2026-09-16 19:19:25,72.00,9.69,50,both,mixed
2026-09-16 19:19:26,72.00,9.69,50,both,mixed
2026-09-16 19:19:30,72.00,9.69,50,both,mixed
2026-09-16 19:19:36,72.00,9.69,50,both,mixed
2026-09-16 19:24:38,100.00,22.18,10,addition,standard
2026-09-16 19:24:56,100.00,22.18,10,addition,standard
2026-09-16 19:29:46,90.00,28.85,10,addition,mixed
2026-09-22 18:11:56,100.00,116.72,10,both,mixed
2026-09-22 18:12:08,100.00,116.72,10,both,mixed
2026-09-22 18:12:09,100.00,116.72,10,both,mixed
2026-09-22 18:12:09,100.00,116.72,10,both,mixed
2026-09-22 18:12:10,100.00,116.72,10,both,mixed
2026-09-22 18:21:52,100.00,56.81,10,both,mixed
2026-09-22 18:22:18,100.00,56.81,10,both,mixed
2026-09-22 18:22:19,100.00,56.81,10,both,mixed
2026-09-22 18:22:20,100.00,56.81,10,both,mixed
2026-09-22 18:22:23,100.00,56.81,10,both,mixed
2026-09-23 19:08:55,100.00,56.81,10,both,mixed
2026-09-23 19:08:58,100.00,56.81,10,both,mixed
2026-09-23 19:09:00,100.00,56.81,10,both,mixed
2026-09-23 19:09:10,100.00,56.81,10,both,mixed
2026-09-23 19:17:07,95.00,23.58,20,both,standard
2026-09-23 19:22:25,80.00,13.96,20,both,standard
2026-09-25 14:48:41,80.00,13.96,20,both,standard
2026-09-25 14:54:53,95.00,18.40,20,both,standard
2026-09-25 14:55:01,95.00,18.40,20,both,standard
2026-09-25 14:55:05,95.00,18.40,20,both,standard
2026-09-25 14:55:09,95.00,18.40,20,both,standard
2026-09-25 14:55:12,95.00,18.40,20,both,standard
2026-09-25 14:55:22,95.00,18.40,20,both,standard
2026-09-25 14:55:40,95.00,18.40,20,both,standard
2026-09-25 15:06:53,100.00,67.17,10,both,mixed
2026-09-27 10:42:02,100.00,67.17,10,both,mixed
2026-09-27 10:49:35,75.00,22.43,20,both,mixed
2026-09-27 10:50:14,75.00,22.43,20,both,mixed
2026-09-27 10:50:19,75.00,22.43,20,both,mixed
2026-09-27 10:50:24,75.00,22.43,20,both,mixed
